﻿<?xml version="1.0" encoding="utf-8"?>
<helpItems schema="maml">

<command:command xmlns:maml="http://schemas.microsoft.com/maml/2004/10" xmlns:command="http://schemas.microsoft.com/maml/dev/command/2004/10" xmlns:dev="http://schemas.microsoft.com/maml/dev/2004/10" xmlns:MSHelp="http://msdn.microsoft.com/mshelp">
<command:details><command:name>Enable-DscDebug</command:name>
<command:verb>Enable</command:verb>
<command:noun>DscDebug</command:noun>
<maml:description><maml:para>Starts debugging of all DSC resources.
</maml:para>
</maml:description>
</command:details>
<maml:description><maml:para>The Enable-DscDebug cmdlet enables Windows PowerShell Desired State Configuration (DSC) resource debugging by the DSC engine, which is also known as the Local Configuration Manager (LCM). By default, all resource instances break into the debugger.
</maml:para>
</maml:description>
<command:syntax><command:syntaxItem><maml:name>Enable-DscDebug</maml:name>
<command:parameter required="false" variableLength="true" globbing="false" pipelineInput="False" position="named" aliases="none"><maml:name>AsJob</maml:name>
<maml:Description><maml:para>{{Fill AsJob Description}}
</maml:para>
</maml:Description>
<dev:type><maml:name>SwitchParameter</maml:name>
<maml:uri /></dev:type>
<dev:defaultValue>False</dev:defaultValue>
</command:parameter>
<command:parameter required="false" variableLength="true" globbing="false" pipelineInput="False" position="named" aliases="none"><maml:name>BreakAll</maml:name>
<maml:Description><maml:para>Indicates that all resources enter the debugger when a configuration runs.
</maml:para>
</maml:Description>
<dev:type><maml:name>SwitchParameter</maml:name>
<maml:uri /></dev:type>
<dev:defaultValue>False</dev:defaultValue>
</command:parameter>
<command:parameter required="false" variableLength="true" globbing="false" pipelineInput="False" position="named" aliases="Session"><maml:name>CimSession</maml:name>
<maml:Description><maml:para>Runs the cmdlet in a remote session or on a remote computer. Enter a computer name or a session object, such as the output of a New-CimSessionhttp://go.microsoft.com/fwlink/p/?LinkId=227967 or Get-CimSessionhttp://go.microsoft.com/fwlink/p/?LinkId=227966 cmdlet. The default is the current session on the local computer.
</maml:para>
</maml:Description>
<command:parameterValue required="true" variableLength="false">CimSession[]</command:parameterValue>
<dev:type><maml:name>CimSession[]</maml:name>
<maml:uri /></dev:type>
<dev:defaultValue>None</dev:defaultValue>
</command:parameter>
<command:parameter required="false" variableLength="true" globbing="false" pipelineInput="False" position="named" aliases="cf"><maml:name>Confirm</maml:name>
<maml:Description><maml:para>Prompts you for confirmation before running the cmdlet.
</maml:para>
</maml:Description>
<dev:type><maml:name>SwitchParameter</maml:name>
<maml:uri /></dev:type>
<dev:defaultValue>False</dev:defaultValue>
</command:parameter>
<command:parameter required="false" variableLength="true" globbing="false" pipelineInput="False" position="named" aliases="none"><maml:name>ThrottleLimit</maml:name>
<maml:Description><maml:para>Specifies the maximum number of concurrent operations that can be established to run the cmdlet. If this parameter is omitted or a value of `0` is entered, then Windows PowerShell® calculates an optimum throttle limit for the cmdlet based on the number of CIM cmdlets that are running on the computer. The throttle limit applies only to the current cmdlet, not to the session or to the computer.
</maml:para>
</maml:Description>
<command:parameterValue required="true" variableLength="false">Int32</command:parameterValue>
<dev:type><maml:name>Int32</maml:name>
<maml:uri /></dev:type>
<dev:defaultValue>None</dev:defaultValue>
</command:parameter>
<command:parameter required="false" variableLength="true" globbing="false" pipelineInput="False" position="named" aliases="wi"><maml:name>WhatIf</maml:name>
<maml:Description><maml:para>Shows what would happen if the cmdlet runs. The cmdlet is not run.
</maml:para>
</maml:Description>
<dev:type><maml:name>SwitchParameter</maml:name>
<maml:uri /></dev:type>
<dev:defaultValue>False</dev:defaultValue>
</command:parameter>
</command:syntaxItem>
</command:syntax>
<command:parameters><command:parameter required="false" variableLength="true" globbing="false" pipelineInput="False" position="named" aliases="none"><maml:name>AsJob</maml:name>
<maml:Description><maml:para>{{Fill AsJob Description}}
</maml:para>
</maml:Description>
<command:parameterValue required="false" variableLength="false">SwitchParameter</command:parameterValue>
<dev:type><maml:name>SwitchParameter</maml:name>
<maml:uri /></dev:type>
<dev:defaultValue>False</dev:defaultValue>
</command:parameter>
<command:parameter required="false" variableLength="true" globbing="false" pipelineInput="False" position="named" aliases="none"><maml:name>BreakAll</maml:name>
<maml:Description><maml:para>Indicates that all resources enter the debugger when a configuration runs.
</maml:para>
</maml:Description>
<command:parameterValue required="false" variableLength="false">SwitchParameter</command:parameterValue>
<dev:type><maml:name>SwitchParameter</maml:name>
<maml:uri /></dev:type>
<dev:defaultValue>False</dev:defaultValue>
</command:parameter>
<command:parameter required="false" variableLength="true" globbing="false" pipelineInput="False" position="named" aliases="Session"><maml:name>CimSession</maml:name>
<maml:Description><maml:para>Runs the cmdlet in a remote session or on a remote computer. Enter a computer name or a session object, such as the output of a New-CimSessionhttp://go.microsoft.com/fwlink/p/?LinkId=227967 or Get-CimSessionhttp://go.microsoft.com/fwlink/p/?LinkId=227966 cmdlet. The default is the current session on the local computer.
</maml:para>
</maml:Description>
<command:parameterValue required="true" variableLength="false">CimSession[]</command:parameterValue>
<dev:type><maml:name>CimSession[]</maml:name>
<maml:uri /></dev:type>
<dev:defaultValue>None</dev:defaultValue>
</command:parameter>
<command:parameter required="false" variableLength="true" globbing="false" pipelineInput="False" position="named" aliases="cf"><maml:name>Confirm</maml:name>
<maml:Description><maml:para>Prompts you for confirmation before running the cmdlet.
</maml:para>
</maml:Description>
<command:parameterValue required="false" variableLength="false">SwitchParameter</command:parameterValue>
<dev:type><maml:name>SwitchParameter</maml:name>
<maml:uri /></dev:type>
<dev:defaultValue>False</dev:defaultValue>
</command:parameter>
<command:parameter required="false" variableLength="true" globbing="false" pipelineInput="False" position="named" aliases="none"><maml:name>ThrottleLimit</maml:name>
<maml:Description><maml:para>Specifies the maximum number of concurrent operations that can be established to run the cmdlet. If this parameter is omitted or a value of `0` is entered, then Windows PowerShell® calculates an optimum throttle limit for the cmdlet based on the number of CIM cmdlets that are running on the computer. The throttle limit applies only to the current cmdlet, not to the session or to the computer.
</maml:para>
</maml:Description>
<command:parameterValue required="true" variableLength="false">Int32</command:parameterValue>
<dev:type><maml:name>Int32</maml:name>
<maml:uri /></dev:type>
<dev:defaultValue>None</dev:defaultValue>
</command:parameter>
<command:parameter required="false" variableLength="true" globbing="false" pipelineInput="False" position="named" aliases="wi"><maml:name>WhatIf</maml:name>
<maml:Description><maml:para>Shows what would happen if the cmdlet runs. The cmdlet is not run.
</maml:para>
</maml:Description>
<command:parameterValue required="false" variableLength="false">SwitchParameter</command:parameterValue>
<dev:type><maml:name>SwitchParameter</maml:name>
<maml:uri /></dev:type>
<dev:defaultValue>False</dev:defaultValue>
</command:parameter>
</command:parameters>
<command:inputTypes></command:inputTypes>
<command:returnValues></command:returnValues>
<maml:alertSet><maml:alert><maml:para>
</maml:para>
</maml:alert>
</maml:alertSet>
<command:examples><command:example><maml:title>Example 1: Start debugging</maml:title>
<dev:code>PS C:\&gt;Enable-DscDebug -BreakAll</dev:code>
<dev:remarks><maml:para>This command indicates to the DSC engine or LCM to start resource debugging. The next time the configuration is run, the process enters the debugger.
</maml:para>
</dev:remarks>
</command:example>
<command:example><maml:title>Example 2: Start remote debugging</maml:title>
<dev:code>PS C:\&gt;Enable-DscDebug -BreakAll -CimSession DeploymentServer</dev:code>
<dev:remarks><maml:para>This command indicates to the DSC engine of the remote computer to start resource debugging.
</maml:para>
</dev:remarks>
</command:example>
</command:examples>
<command:relatedLinks><maml:navigationLink><maml:linkText>Online Version:</maml:linkText>
<maml:uri>http://go.microsoft.com/fwlink/?LinkId=627545</maml:uri>
</maml:navigationLink>
<maml:navigationLink><maml:linkText>Windows PowerShell Desired State Configuration Overview</maml:linkText>
<maml:uri>http://go.microsoft.com/fwlink/?LinkID=311940</maml:uri>
</maml:navigationLink>
<maml:navigationLink><maml:linkText>Disable-DscDebug</maml:linkText>
<maml:uri></maml:uri>
</maml:navigationLink>
<maml:navigationLink><maml:linkText>Get-DscConfiguration</maml:linkText>
<maml:uri></maml:uri>
</maml:navigationLink>
<maml:navigationLink><maml:linkText>Get-DscConfigurationStatus</maml:linkText>
<maml:uri></maml:uri>
</maml:navigationLink>
<maml:navigationLink><maml:linkText>Restore-DscConfiguration</maml:linkText>
<maml:uri></maml:uri>
</maml:navigationLink>
<maml:navigationLink><maml:linkText>Start-DscConfiguration</maml:linkText>
<maml:uri></maml:uri>
</maml:navigationLink>
<maml:navigationLink><maml:linkText>Test-DscConfiguration</maml:linkText>
<maml:uri></maml:uri>
</maml:navigationLink>
</command:relatedLinks>
</command:command>
</helpItems>
