﻿<?xml version="1.0" encoding="utf-8"?>
<helpItems schema="maml">

<command:command xmlns:maml="http://schemas.microsoft.com/maml/2004/10" xmlns:command="http://schemas.microsoft.com/maml/dev/command/2004/10" xmlns:dev="http://schemas.microsoft.com/maml/dev/2004/10" xmlns:MSHelp="http://msdn.microsoft.com/mshelp">
<command:details><command:name>Get-DscLocalConfigurationManager</command:name>
<command:verb>Get</command:verb>
<command:noun>DscLocalConfigurationManager</command:noun>
<maml:description><maml:para>Gets LCM settings and states for the node.
</maml:para>
</maml:description>
</command:details>
<maml:description><maml:para>The Get-DscLocalConfigurationManager cmdlet gets Local Configuration Manager (LCM) settings, or meta-configuration, and the states of LCM for the node. Specify computers by using Common Information Model (CIM) sessions. If you do not specify a target computer, the cmdlet gets the configuration settings from the local computer.
</maml:para>
</maml:description>
<command:syntax><command:syntaxItem><maml:name>Get-DscLocalConfigurationManager</maml:name>
<command:parameter required="false" variableLength="true" globbing="false" pipelineInput="False" position="named" aliases="none"><maml:name>AsJob</maml:name>
<maml:Description><maml:para>{{Fill AsJob Description}}
</maml:para>
</maml:Description>
<dev:type><maml:name>SwitchParameter</maml:name>
<maml:uri /></dev:type>
<dev:defaultValue>False</dev:defaultValue>
</command:parameter>
<command:parameter required="false" variableLength="true" globbing="false" pipelineInput="False" position="named" aliases="Session"><maml:name>CimSession</maml:name>
<maml:Description><maml:para>@{Text=}
</maml:para>
</maml:Description>
<command:parameterValue required="true" variableLength="false">CimSession[]</command:parameterValue>
<dev:type><maml:name>CimSession[]</maml:name>
<maml:uri /></dev:type>
<dev:defaultValue>None</dev:defaultValue>
</command:parameter>
<command:parameter required="false" variableLength="true" globbing="false" pipelineInput="False" position="named" aliases="none"><maml:name>ThrottleLimit</maml:name>
<maml:Description><maml:para>@{Text=}
</maml:para>
</maml:Description>
<command:parameterValue required="true" variableLength="false">Int32</command:parameterValue>
<dev:type><maml:name>Int32</maml:name>
<maml:uri /></dev:type>
<dev:defaultValue>None</dev:defaultValue>
</command:parameter>
</command:syntaxItem>
</command:syntax>
<command:parameters><command:parameter required="false" variableLength="true" globbing="false" pipelineInput="False" position="named" aliases="none"><maml:name>AsJob</maml:name>
<maml:Description><maml:para>{{Fill AsJob Description}}
</maml:para>
</maml:Description>
<command:parameterValue required="false" variableLength="false">SwitchParameter</command:parameterValue>
<dev:type><maml:name>SwitchParameter</maml:name>
<maml:uri /></dev:type>
<dev:defaultValue>False</dev:defaultValue>
</command:parameter>
<command:parameter required="false" variableLength="true" globbing="false" pipelineInput="False" position="named" aliases="Session"><maml:name>CimSession</maml:name>
<maml:Description><maml:para>@{Text=}
</maml:para>
</maml:Description>
<command:parameterValue required="true" variableLength="false">CimSession[]</command:parameterValue>
<dev:type><maml:name>CimSession[]</maml:name>
<maml:uri /></dev:type>
<dev:defaultValue>None</dev:defaultValue>
</command:parameter>
<command:parameter required="false" variableLength="true" globbing="false" pipelineInput="False" position="named" aliases="none"><maml:name>ThrottleLimit</maml:name>
<maml:Description><maml:para>@{Text=}
</maml:para>
</maml:Description>
<command:parameterValue required="true" variableLength="false">Int32</command:parameterValue>
<dev:type><maml:name>Int32</maml:name>
<maml:uri /></dev:type>
<dev:defaultValue>None</dev:defaultValue>
</command:parameter>
</command:parameters>
<command:inputTypes></command:inputTypes>
<command:returnValues></command:returnValues>
<maml:alertSet><maml:alert><maml:para>
</maml:para>
</maml:alert>
</maml:alertSet>
<command:examples><command:example><maml:title>Example 1: Get LCM settings for the local computer</maml:title>
<dev:code>PS C:\&gt; Get-DscLocalConfigurationManager</dev:code>
<dev:remarks><maml:para>This command gets LCM settings for the local computer.
</maml:para>
</dev:remarks>
</command:example>
<command:example><maml:title>Example 2: Get LCM settings for a specified computer</maml:title>
<dev:code>PS C:\&gt; $Session = New-CimSession -ComputerName "Server01" -Credential ACCOUNTS\PattiFuller
PS C:\&gt; Get-DscLocalConfigurationManager -CimSession $Session</dev:code>
<dev:remarks><maml:para>This example gets LCM settings for a computer specified by a CIM session. The example creates a CIM session for a computer named Server01 for use with the cmdlet. Alternatively, create an array of CIM sessions to apply the cmdlet to multiple specified computers.
</maml:para>
<maml:para>The first command creates a CIM session by using the New-CimSession cmdlet, and then stores the CimSession object in the $Session variable. The command prompts you for a password. For more information, type `Get-Help New-CimSession`.
</maml:para>
<maml:para>The second command gets Local Configuration Manager settings for the computers identified by the CimSession objects stored in the $Session variable, in this case, the computer named Server01.
</maml:para>
</dev:remarks>
</command:example>
</command:examples>
<command:relatedLinks><maml:navigationLink><maml:linkText>Online Version:</maml:linkText>
<maml:uri>http://go.microsoft.com/fwlink/?LinkId=821457</maml:uri>
</maml:navigationLink>
<maml:navigationLink><maml:linkText>Windows PowerShell Desired State Configuration Overview</maml:linkText>
<maml:uri>http://go.microsoft.com/fwlink/?LinkID=311940</maml:uri>
</maml:navigationLink>
<maml:navigationLink><maml:linkText>Set-DscLocalConfigurationManager</maml:linkText>
<maml:uri></maml:uri>
</maml:navigationLink>
</command:relatedLinks>
</command:command>
</helpItems>
