﻿<?xml version="1.0" encoding="utf-8"?>
<helpItems schema="maml">

<command:command xmlns:maml="http://schemas.microsoft.com/maml/2004/10" xmlns:command="http://schemas.microsoft.com/maml/dev/command/2004/10" xmlns:dev="http://schemas.microsoft.com/maml/dev/2004/10" xmlns:MSHelp="http://msdn.microsoft.com/mshelp">
<command:details><command:name>Get-DscConfigurationStatus</command:name>
<command:verb>Get</command:verb>
<command:noun>DscConfigurationStatus</command:noun>
<maml:description><maml:para>Retrieves data about completed configuration runs.
</maml:para>
</maml:description>
</command:details>
<maml:description><maml:para>The Get-DscConfigurationStatus cmdlet retrieves detailed information about completed configuration runs on the system. By default, it returns the information about the last configuration run. This cmdlet is useful for finding historical information about configuration runs, such as when the configurations were run, the status of the runs, the number of resources in the configurations, and which resources succeeded or failed.
</maml:para>
</maml:description>
<command:syntax><command:syntaxItem><maml:name>Get-DscConfigurationStatus</maml:name>
<command:parameter required="false" variableLength="true" globbing="false" pipelineInput="False" position="named" aliases="none"><maml:name>All</maml:name>
<maml:Description><maml:para>Indicates that this cmdlet retrieves information about all the configuration runs on the computer, including the configuration application and the consistency check.
</maml:para>
</maml:Description>
<dev:type><maml:name>SwitchParameter</maml:name>
<maml:uri /></dev:type>
<dev:defaultValue>False</dev:defaultValue>
</command:parameter>
<command:parameter required="false" variableLength="true" globbing="false" pipelineInput="False" position="named" aliases="none"><maml:name>AsJob</maml:name>
<maml:Description><maml:para>{{Fill AsJob Description}}
</maml:para>
</maml:Description>
<dev:type><maml:name>SwitchParameter</maml:name>
<maml:uri /></dev:type>
<dev:defaultValue>False</dev:defaultValue>
</command:parameter>
<command:parameter required="false" variableLength="true" globbing="false" pipelineInput="False" position="named" aliases="Session"><maml:name>CimSession</maml:name>
<maml:Description><maml:para>Runs the cmdlet in a remote session or on a remote computer. Enter a computer name or a session object, such as the output of a New-CimSessionhttp://go.microsoft.com/fwlink/p/?LinkId=227967 or Get-CimSessionhttp://go.microsoft.com/fwlink/p/?LinkId=227966 cmdlet. The default is the current session on the local computer.
</maml:para>
</maml:Description>
<command:parameterValue required="true" variableLength="false">CimSession[]</command:parameterValue>
<dev:type><maml:name>CimSession[]</maml:name>
<maml:uri /></dev:type>
<dev:defaultValue>None</dev:defaultValue>
</command:parameter>
<command:parameter required="false" variableLength="true" globbing="false" pipelineInput="False" position="named" aliases="none"><maml:name>ThrottleLimit</maml:name>
<maml:Description><maml:para>Specifies the maximum number of concurrent operations that can be established to run the cmdlet. If this parameter is omitted or a value of `0` is entered, then Windows PowerShell® calculates an optimum throttle limit for the cmdlet based on the number of CIM cmdlets that are running on the computer. The throttle limit applies only to the current cmdlet, not to the session or to the computer.
</maml:para>
</maml:Description>
<command:parameterValue required="true" variableLength="false">Int32</command:parameterValue>
<dev:type><maml:name>Int32</maml:name>
<maml:uri /></dev:type>
<dev:defaultValue>None</dev:defaultValue>
</command:parameter>
</command:syntaxItem>
</command:syntax>
<command:parameters><command:parameter required="false" variableLength="true" globbing="false" pipelineInput="False" position="named" aliases="none"><maml:name>All</maml:name>
<maml:Description><maml:para>Indicates that this cmdlet retrieves information about all the configuration runs on the computer, including the configuration application and the consistency check.
</maml:para>
</maml:Description>
<command:parameterValue required="false" variableLength="false">SwitchParameter</command:parameterValue>
<dev:type><maml:name>SwitchParameter</maml:name>
<maml:uri /></dev:type>
<dev:defaultValue>False</dev:defaultValue>
</command:parameter>
<command:parameter required="false" variableLength="true" globbing="false" pipelineInput="False" position="named" aliases="none"><maml:name>AsJob</maml:name>
<maml:Description><maml:para>{{Fill AsJob Description}}
</maml:para>
</maml:Description>
<command:parameterValue required="false" variableLength="false">SwitchParameter</command:parameterValue>
<dev:type><maml:name>SwitchParameter</maml:name>
<maml:uri /></dev:type>
<dev:defaultValue>False</dev:defaultValue>
</command:parameter>
<command:parameter required="false" variableLength="true" globbing="false" pipelineInput="False" position="named" aliases="Session"><maml:name>CimSession</maml:name>
<maml:Description><maml:para>Runs the cmdlet in a remote session or on a remote computer. Enter a computer name or a session object, such as the output of a New-CimSessionhttp://go.microsoft.com/fwlink/p/?LinkId=227967 or Get-CimSessionhttp://go.microsoft.com/fwlink/p/?LinkId=227966 cmdlet. The default is the current session on the local computer.
</maml:para>
</maml:Description>
<command:parameterValue required="true" variableLength="false">CimSession[]</command:parameterValue>
<dev:type><maml:name>CimSession[]</maml:name>
<maml:uri /></dev:type>
<dev:defaultValue>None</dev:defaultValue>
</command:parameter>
<command:parameter required="false" variableLength="true" globbing="false" pipelineInput="False" position="named" aliases="none"><maml:name>ThrottleLimit</maml:name>
<maml:Description><maml:para>Specifies the maximum number of concurrent operations that can be established to run the cmdlet. If this parameter is omitted or a value of `0` is entered, then Windows PowerShell® calculates an optimum throttle limit for the cmdlet based on the number of CIM cmdlets that are running on the computer. The throttle limit applies only to the current cmdlet, not to the session or to the computer.
</maml:para>
</maml:Description>
<command:parameterValue required="true" variableLength="false">Int32</command:parameterValue>
<dev:type><maml:name>Int32</maml:name>
<maml:uri /></dev:type>
<dev:defaultValue>None</dev:defaultValue>
</command:parameter>
</command:parameters>
<command:inputTypes></command:inputTypes>
<command:returnValues></command:returnValues>
<maml:alertSet><maml:alert><maml:para>
</maml:para>
</maml:alert>
</maml:alertSet>
<command:examples><command:example><maml:title>Example 1: Get information on the last configuration run</maml:title>
<dev:code>PS C:\&gt;Get-DscConfigurationStatus</dev:code>
<dev:remarks><maml:para>This command gets information on the last configuration run.
</maml:para>
</dev:remarks>
</command:example>
<command:example><maml:title>Example 2: Get information on all configurations</maml:title>
<dev:code>PS C:\&gt;Get-DscConfigurationStatus -All</dev:code>
<dev:remarks><maml:para>This command gets information about all the configurations that were run on the system, including the Windows PowerShell Desired State Configuration (DSC) consistency check.
</maml:para>
</dev:remarks>
</command:example>
<command:example><maml:title>Example 3: Get information on the configuration run on a remote computer</maml:title>
<dev:code>PS C:\&gt;Get-DscConfigurationStaus -CimSession "Server01"</dev:code>
<dev:remarks><maml:para>This command gets the configuration run details of the remote computer named Server01. This uses the WSMan transport to connect to the remote computer and requires that the connecting user be an administrator on the remote computer.
</maml:para>
</dev:remarks>
</command:example>
</command:examples>
<command:relatedLinks><maml:navigationLink><maml:linkText>Online Version:</maml:linkText>
<maml:uri>http://go.microsoft.com/fwlink/?LinkId=821456</maml:uri>
</maml:navigationLink>
<maml:navigationLink><maml:linkText>Windows PowerShell Desired State Configuration Overview</maml:linkText>
<maml:uri>http://go.microsoft.com/fwlink/?LinkID=311940</maml:uri>
</maml:navigationLink>
<maml:navigationLink><maml:linkText>Get-DscConfiguration</maml:linkText>
<maml:uri></maml:uri>
</maml:navigationLink>
<maml:navigationLink><maml:linkText>Get-DscLocalConfigurationManager</maml:linkText>
<maml:uri></maml:uri>
</maml:navigationLink>
<maml:navigationLink><maml:linkText>Restore-DscConfiguration</maml:linkText>
<maml:uri></maml:uri>
</maml:navigationLink>
<maml:navigationLink><maml:linkText>Start-DscConfiguration</maml:linkText>
<maml:uri></maml:uri>
</maml:navigationLink>
<maml:navigationLink><maml:linkText>Test-DscConfiguration</maml:linkText>
<maml:uri></maml:uri>
</maml:navigationLink>
</command:relatedLinks>
</command:command>
</helpItems>
