﻿<?xml version="1.0" encoding="utf-8"?>
<helpItems schema="maml">

<command:command xmlns:maml="http://schemas.microsoft.com/maml/2004/10" xmlns:command="http://schemas.microsoft.com/maml/dev/command/2004/10" xmlns:dev="http://schemas.microsoft.com/maml/dev/2004/10" xmlns:MSHelp="http://msdn.microsoft.com/mshelp">
<command:details><command:name>Get-DscResource</command:name>
<command:verb>Get</command:verb>
<command:noun>DscResource</command:noun>
<maml:description><maml:para>Gets the DSC resources present on the computer.
</maml:para>
</maml:description>
</command:details>
<maml:description><maml:para>The Get-DscResource cmdlet retrieves the Windows PowerShell Desired State Configuration (DSC) resources present on the computer. This cmdlet discovers only the resources installed in the PSModulePath. It shows the details about built-in and custom providers, which are created by the user. This cmdlet also shows details about composite resources, which are other configurations that are packaged as module or created at run time in the session.
</maml:para>
</maml:description>
<command:syntax><command:syntaxItem><maml:name>Get-DscResource</maml:name>
<command:parameter required="false" variableLength="true" globbing="false" pipelineInput="True (ByPropertyName, ByValue)" position="0" aliases="none"><maml:name>Name</maml:name>
<maml:Description><maml:para>Specifies an array of names of the DSC resource to view.
</maml:para>
</maml:Description>
<command:parameterValue required="true" variableLength="false">String[]</command:parameterValue>
<dev:type><maml:name>String[]</maml:name>
<maml:uri /></dev:type>
<dev:defaultValue>None</dev:defaultValue>
</command:parameter>
<command:parameter required="false" variableLength="true" globbing="false" pipelineInput="True (ByPropertyName, ByValue)" position="1" aliases="none"><maml:name>Module</maml:name>
<maml:Description><maml:para>Specifies the name or fully qualified name of the module for which to view the DSC resource.
</maml:para>
</maml:Description>
<command:parameterValue required="true" variableLength="false">Object</command:parameterValue>
<dev:type><maml:name>Object</maml:name>
<maml:uri /></dev:type>
<dev:defaultValue>None</dev:defaultValue>
</command:parameter>
<command:parameter required="false" variableLength="true" globbing="false" pipelineInput="False" position="named" aliases="none"><maml:name>Syntax</maml:name>
<maml:Description><maml:para>Indicates that the cmdlet returns the syntax view of the specified DSC resources. The returned syntax shows how to use the resources in aWindows PowerShell script.
</maml:para>
</maml:Description>
<dev:type><maml:name>SwitchParameter</maml:name>
<maml:uri /></dev:type>
<dev:defaultValue>False</dev:defaultValue>
</command:parameter>
</command:syntaxItem>
</command:syntax>
<command:parameters><command:parameter required="false" variableLength="true" globbing="false" pipelineInput="True (ByPropertyName, ByValue)" position="1" aliases="none"><maml:name>Module</maml:name>
<maml:Description><maml:para>Specifies the name or fully qualified name of the module for which to view the DSC resource.
</maml:para>
</maml:Description>
<command:parameterValue required="true" variableLength="false">Object</command:parameterValue>
<dev:type><maml:name>Object</maml:name>
<maml:uri /></dev:type>
<dev:defaultValue>None</dev:defaultValue>
</command:parameter>
<command:parameter required="false" variableLength="true" globbing="false" pipelineInput="True (ByPropertyName, ByValue)" position="0" aliases="none"><maml:name>Name</maml:name>
<maml:Description><maml:para>Specifies an array of names of the DSC resource to view.
</maml:para>
</maml:Description>
<command:parameterValue required="true" variableLength="false">String[]</command:parameterValue>
<dev:type><maml:name>String[]</maml:name>
<maml:uri /></dev:type>
<dev:defaultValue>None</dev:defaultValue>
</command:parameter>
<command:parameter required="false" variableLength="true" globbing="false" pipelineInput="False" position="named" aliases="none"><maml:name>Syntax</maml:name>
<maml:Description><maml:para>Indicates that the cmdlet returns the syntax view of the specified DSC resources. The returned syntax shows how to use the resources in aWindows PowerShell script.
</maml:para>
</maml:Description>
<command:parameterValue required="false" variableLength="false">SwitchParameter</command:parameterValue>
<dev:type><maml:name>SwitchParameter</maml:name>
<maml:uri /></dev:type>
<dev:defaultValue>False</dev:defaultValue>
</command:parameter>
</command:parameters>
<command:inputTypes></command:inputTypes>
<command:returnValues><command:returnValue><dev:type><maml:name>Microsoft.PowerShell.DesiredStateConfiguration.DscResourceInfo</maml:name>
</dev:type>
<maml:description><maml:para>
</maml:para>
</maml:description>
</command:returnValue>
</command:returnValues>
<maml:alertSet><maml:alert><maml:para>
</maml:para>
</maml:alert>
</maml:alertSet>
<command:examples><command:example><maml:title>Example 1: Get all resources on the local computer</maml:title>
<dev:code>PS C:\&gt; Get-DscResource</dev:code>
<dev:remarks><maml:para>This command gets all the resources on the local computer.
</maml:para>
</dev:remarks>
</command:example>
<command:example><maml:title>Example 2: Get a resource by specifying the name</maml:title>
<dev:code>PS C:\&gt; Get-DscResource -Name "WindowsFeature"</dev:code>
<dev:remarks><maml:para>This command gets the WindowsFeature resource.
</maml:para>
</dev:remarks>
</command:example>
<command:example><maml:title>Example 3: Get all the resources from a module</maml:title>
<dev:code>PS C:\&gt;Get-DscResource -Module "xHyper-V"</dev:code>
<dev:remarks><maml:para>This command gets all the resources from the xHyper-V module.
</maml:para>
</dev:remarks>
</command:example>
<command:example><maml:title>Example 4: Get a resource by using wildcard characters</maml:title>
<dev:code>PS C:\&gt; Get-DscResource -Name P*,r*</dev:code>
<dev:remarks><maml:para>This command gets all resources that match the wildcard pattern specified by the Name parameter.
</maml:para>
</dev:remarks>
</command:example>
<command:example><maml:title>Example 5: Get a resource syntax</maml:title>
<dev:code>PS C:\&gt; Get-DscResource -Name "WindowsFeature" -Syntax</dev:code>
<dev:remarks><maml:para>This command gets the WindowsFeature resource, and shows the syntax for the resource.
</maml:para>
</dev:remarks>
</command:example>
<command:example><maml:title>Example 6: Get all the properties for a resource</maml:title>
<dev:code>PS C:\&gt; Get-DscResource -Name "User" | Select-Object -ExpandProperty Properties</dev:code>
<dev:remarks><maml:para>This command gets the User resource, and then uses the pipeline operator to return all the properties for the User resource.
</maml:para>
</dev:remarks>
</command:example>
<command:example><maml:title>Example 7: Get all the resources from a specified module with a specified version</maml:title>
<dev:code>PS C:\&gt;Get-DscResource -Module @{ModuleName='xHyper-V';RequiredVersion='3.0.0.0'}</dev:code>
<dev:remarks><maml:para>This command gets all the resources from xHyper-V module with version 3.0.0.0.
</maml:para>
</dev:remarks>
</command:example>
</command:examples>
<command:relatedLinks><maml:navigationLink><maml:linkText>Online Version:</maml:linkText>
<maml:uri>http://go.microsoft.com/fwlink/?LinkId=821458</maml:uri>
</maml:navigationLink>
<maml:navigationLink><maml:linkText>Windows PowerShell Desired State Configuration Overview</maml:linkText>
<maml:uri>http://go.microsoft.com/fwlink/?LinkID=311940</maml:uri>
</maml:navigationLink>
<maml:navigationLink><maml:linkText>Invoke-DscResource</maml:linkText>
<maml:uri></maml:uri>
</maml:navigationLink>
</command:relatedLinks>
</command:command>
<command:command xmlns:maml="http://schemas.microsoft.com/maml/2004/10" xmlns:command="http://schemas.microsoft.com/maml/dev/command/2004/10" xmlns:dev="http://schemas.microsoft.com/maml/dev/2004/10" xmlns:MSHelp="http://msdn.microsoft.com/mshelp">
<command:details><command:name>New-DscChecksum</command:name>
<command:verb>New</command:verb>
<command:noun>DscChecksum</command:noun>
<maml:description><maml:para>Creates checksum files for DSC documents and DSC resources.
</maml:para>
</maml:description>
</command:details>
<maml:description><maml:para>The New-DSCCheckSum cmdlet generates checksum files for Windows PowerShell Desired State Configuration (DSC) documents and compressed DSC resources. This cmdlet generates a checksum file for each configuration and resource to be used in pull mode. The DSC service uses the checksums to make sure that the correct configuration and resources exist on the target node. Place the checksums together with the associated DSC documents and compressed DSC resources in the DSC service store.
</maml:para>
</maml:description>
<command:syntax><command:syntaxItem><maml:name>New-DscChecksum</maml:name>
<command:parameter required="true" variableLength="true" globbing="false" pipelineInput="False" position="0" aliases="ConfigurationPath"><maml:name>Path</maml:name>
<maml:Description><maml:para>Specifies the path of the input file.
</maml:para>
</maml:Description>
<command:parameterValue required="true" variableLength="false">String[]</command:parameterValue>
<dev:type><maml:name>String[]</maml:name>
<maml:uri /></dev:type>
<dev:defaultValue>None</dev:defaultValue>
</command:parameter>
<command:parameter required="false" variableLength="true" globbing="false" pipelineInput="False" position="1" aliases="none"><maml:name>OutPath</maml:name>
<maml:Description><maml:para>Specifies the path and file name of the output checksum file.
</maml:para>
</maml:Description>
<command:parameterValue required="true" variableLength="false">String</command:parameterValue>
<dev:type><maml:name>String</maml:name>
<maml:uri /></dev:type>
<dev:defaultValue>None</dev:defaultValue>
</command:parameter>
<command:parameter required="false" variableLength="true" globbing="false" pipelineInput="False" position="named" aliases="cf"><maml:name>Confirm</maml:name>
<maml:Description><maml:para>Prompts you for confirmation before running the cmdlet.
</maml:para>
</maml:Description>
<dev:type><maml:name>SwitchParameter</maml:name>
<maml:uri /></dev:type>
<dev:defaultValue>False</dev:defaultValue>
</command:parameter>
<command:parameter required="false" variableLength="true" globbing="false" pipelineInput="False" position="named" aliases="none"><maml:name>Force</maml:name>
<maml:Description><maml:para>Indicates that the cmdlet overwrites the specified output file if it already exists.
</maml:para>
</maml:Description>
<dev:type><maml:name>SwitchParameter</maml:name>
<maml:uri /></dev:type>
<dev:defaultValue>False</dev:defaultValue>
</command:parameter>
<command:parameter required="false" variableLength="true" globbing="false" pipelineInput="False" position="named" aliases="wi"><maml:name>WhatIf</maml:name>
<maml:Description><maml:para>Shows what would happen if the cmdlet runs. The cmdlet is not run.
</maml:para>
</maml:Description>
<dev:type><maml:name>SwitchParameter</maml:name>
<maml:uri /></dev:type>
<dev:defaultValue>False</dev:defaultValue>
</command:parameter>
</command:syntaxItem>
</command:syntax>
<command:parameters><command:parameter required="false" variableLength="true" globbing="false" pipelineInput="False" position="named" aliases="cf"><maml:name>Confirm</maml:name>
<maml:Description><maml:para>Prompts you for confirmation before running the cmdlet.
</maml:para>
</maml:Description>
<command:parameterValue required="false" variableLength="false">SwitchParameter</command:parameterValue>
<dev:type><maml:name>SwitchParameter</maml:name>
<maml:uri /></dev:type>
<dev:defaultValue>False</dev:defaultValue>
</command:parameter>
<command:parameter required="false" variableLength="true" globbing="false" pipelineInput="False" position="named" aliases="none"><maml:name>Force</maml:name>
<maml:Description><maml:para>Indicates that the cmdlet overwrites the specified output file if it already exists.
</maml:para>
</maml:Description>
<command:parameterValue required="false" variableLength="false">SwitchParameter</command:parameterValue>
<dev:type><maml:name>SwitchParameter</maml:name>
<maml:uri /></dev:type>
<dev:defaultValue>False</dev:defaultValue>
</command:parameter>
<command:parameter required="false" variableLength="true" globbing="false" pipelineInput="False" position="1" aliases="none"><maml:name>OutPath</maml:name>
<maml:Description><maml:para>Specifies the path and file name of the output checksum file.
</maml:para>
</maml:Description>
<command:parameterValue required="true" variableLength="false">String</command:parameterValue>
<dev:type><maml:name>String</maml:name>
<maml:uri /></dev:type>
<dev:defaultValue>None</dev:defaultValue>
</command:parameter>
<command:parameter required="true" variableLength="true" globbing="false" pipelineInput="False" position="0" aliases="ConfigurationPath"><maml:name>Path</maml:name>
<maml:Description><maml:para>Specifies the path of the input file.
</maml:para>
</maml:Description>
<command:parameterValue required="true" variableLength="false">String[]</command:parameterValue>
<dev:type><maml:name>String[]</maml:name>
<maml:uri /></dev:type>
<dev:defaultValue>None</dev:defaultValue>
</command:parameter>
<command:parameter required="false" variableLength="true" globbing="false" pipelineInput="False" position="named" aliases="wi"><maml:name>WhatIf</maml:name>
<maml:Description><maml:para>Shows what would happen if the cmdlet runs. The cmdlet is not run.
</maml:para>
</maml:Description>
<command:parameterValue required="false" variableLength="false">SwitchParameter</command:parameterValue>
<dev:type><maml:name>SwitchParameter</maml:name>
<maml:uri /></dev:type>
<dev:defaultValue>False</dev:defaultValue>
</command:parameter>
</command:parameters>
<command:inputTypes></command:inputTypes>
<command:returnValues></command:returnValues>
<maml:alertSet><maml:alert><maml:para>
</maml:para>
</maml:alert>
</maml:alertSet>
<command:examples><command:example><maml:title>Example 1: Create checksum files for all configurations in a specific path</maml:title>
<dev:code>PS C:\&gt; New-DscCheckSum -Path "C:\DSC\Configurations\"</dev:code>
<dev:remarks><maml:para>This command creates checksum files for all configurations in the path C:\DSC\Configurations. Any checksum files that already exist are skipped.
</maml:para>
</dev:remarks>
</command:example>
<command:example><maml:title>Example 2: Create checksum files for all configurations in a specific path and overwrite the existing checksum files</maml:title>
<dev:code>PS C:\&gt; New-DscCheckSum -Path "C:\DSC\Configurations\" -Force</dev:code>
<dev:remarks><maml:para>This command creates new checksum files for all configurations in the path C:\DSC\Configurations. Specifying the Force parameter causes the command to overwrite any checksum files that already exist.
</maml:para>
</dev:remarks>
</command:example>
</command:examples>
<command:relatedLinks><maml:navigationLink><maml:linkText>Online Version:</maml:linkText>
<maml:uri>http://go.microsoft.com/fwlink/?LinkId=821459</maml:uri>
</maml:navigationLink>
<maml:navigationLink><maml:linkText>Windows PowerShell Desired State Configuration Overview</maml:linkText>
<maml:uri>http://go.microsoft.com/fwlink/?LinkID=311940</maml:uri>
</maml:navigationLink>
</command:relatedLinks>
</command:command>
</helpItems>
